{
  "intercept": -11.55521353197379,
  "windows": 0.9065071371157214,
  "darwin": 1.4048734240895897,
  "linux": 1.2317880140394553,
  "git_found": 1.110573018166445,
  "cpu_threads": 0.01880191704417484,
  "intellij_paid": 1.8858658411078215,
  "atom_installed": 0.1444944853137855,
  "intellij_installed": -0.033165752622047615,
  "pycharm_installed": 0.6120519347099082,
  "sublime3_installed": 0.595042952280331,
  "vim_installed": 0.7398803384306187,
  "vscode_installed": 0.5952001332567838,
  "USA": 0.953796489511271,
  "China": -1.3216059568715008,
  "India": -0.7939960992731963
}